thread_id,customer_text,historical_reply,true_intent,predicted_intent,should_escalate,predicted_escalate,escalation_reason,draft_reply,helpfulness_score,tone_score,judge_reasoning,human_helpfulness_score,human_tone_score
96,@USER @USER @USER @USER @SpotifyCares - Please work together and get Spotify's playlists working on Roku. K thx bye.,"@USER Hey there. We don't have any info on this right now, but we'll let the right team know it's something you'd like to see /QI",Audio Playback Failure,App Bug & Performance,False,False,This is a technical performance issue with a specific device integration that can be addressed with troubleshooting steps.,"Hey! Sorry the Roku app is acting up. Try restarting your Roku device and checking for app updates. If it’s still glitchy, let us know! 📺 /AI",2,4,"The draft hallucinates a technical troubleshooting step (restarting the device) for a feature request/roadmap issue, whereas the ground truth correctly identifies that the team has no info and routes it to the right team. The tone is casual and empathetic, but the incorrect handling of the request lowers the helpfulness.",,
1330,@SpotifyCares Hey thanks for replying so fast I don't get any message it just won't play.,"@USER Could you fire over the make/model, operating system, and the Spotify version of the device you're using? We'll see what we can suggest /KB",Audio Playback Failure,Audio Playback Failure,False,False,The user is reporting a playback issue which is an auto-resolvable intent.,"Sorry to hear that! 🎧 Please try restarting the app or checking your internet connection. If it still won't play, let us know what device you're using so we can help troubleshoot. /AI",4,5,"The response is helpful by offering immediate troubleshooting steps and correctly identifying the need for device details, though it is slightly less specific than the ground truth regarding OS and version. The tone is perfectly empathetic, casual, and concise, matching the brand voice with appropriate emoji usage.",,
457,"@SpotifyCares Yes I understand there is a limit, but why?",@USER 1: In this case. the reason is because less than 1% of users reach the 10k limit on Your Music. The current limit ensures a great...,App Bug & Performance,Feature Request & Feedback,False,False,The user is questioning a product design decision rather than reporting a technical failure or billing issue.,"We hear you! We're always looking for ways to improve the experience, so we've passed your feedback along to the team. Thanks for helping us make Spotify better! 🎧 /AI",1,4,"The draft completely fails to answer the user's specific question about the rationale behind the limit, instead offering a generic feedback acknowledgment that ignores the core inquiry. While the tone is casual and empathetic, it is unhelpful because it does not provide the requested explanation.",,
1537,"@USER @USER @USER @SpotifyCares Sorry for the incovenience but why the band ""Comme Restus"" is no longer avaliable in the spotify plataform?","@USER Hey there! Sometimes, content is temporarily removed because of licensing changes. Hopefully, we'll have it available again soon. There's more info here: 🙂 /JI",App Bug & Performance,Content Availability,False,False,This is a standard content availability inquiry which can be handled with general information about licensing.,"Hey there! Thanks for reaching out. Sometimes artists or labels change their licensing agreements, which can cause tracks to disappear from the platform. We're sorry you can't listen to Comme Restus right now, but we're always working to bring more music to you! 🎶 /AI",4,5,"The response correctly identifies the likely cause (licensing) and offers a polite explanation, though it misses the specific link provided in the ground truth. The tone is empathetic, casual, and concise, matching the brand voice perfectly with appropriate emoji usage.",,
1287,@USER @SpotifyCares need support,"@USER Hey Ferry! Don’t worry, we'll look into this. What’s happening exactly? Can you let us know the operating system you’re using? /MS",App Bug & Performance,Account & Login Access,False,True,"The user is requesting general support without specifying the issue, which requires human triage to determine the specific problem.",Hey there! We're here to help. Could you give us a little more detail about what's going on? /AI,4,4,"The draft correctly identifies the need for more details and asks for them, which is helpful, though it misses the specific request for the operating system found in the ground truth. The tone is casual and empathetic, fitting the brand voice, though slightly less personalized than the human agent's greeting.",,
255,@SpotifyCares It's been like this for the past 8 minutes,@USER That's odd. Does using a different browser help at all? /AP,App Bug & Performance,Audio Playback Failure,False,False,The issue is a temporary playback failure which can be resolved with standard troubleshooting steps.,"Sorry about the hiccup! 🎧 Please try restarting the app or checking your internet connection. If it persists, let us know! /AI",3,4,"The draft provides generic troubleshooting advice (restart app/check internet) which may not be relevant if the user is on a web browser, whereas the ground truth specifically asks about using a different browser. The tone is empathetic and casual, fitting the brand voice well.",,
1652,"@SpotifyCares Getting clicking and popping sounds on Spotify Premium (1.0.67.582.g19436fa3) Playback, reinstalled, Hardware Acceleration off, High Quality streaming off, 3 X spotify.exe? (PCSpec:",@USER Hey Nick! What's the exact Spotify version you're using? Does logging out &gt; restarting your device &gt; logging back in help? /AY,Billing & Subscription,Audio Playback Failure,True,False,This is a technical audio issue that can be resolved with standard troubleshooting steps.,"Hey! Sorry about the crackling. Since you've already tried the basics, try disabling the 'Exclusive Mode' in your Windows Sound settings for your output device, or switch your audio driver to a different one (like Realtek vs. High Definition Audio). Let us know if that helps! 🎧 /AI",4,5,"The AI provides specific, relevant technical troubleshooting steps (Exclusive Mode/drivers) that address the audio issue, which is helpful even if it differs from the human's simpler reset suggestion. The tone is empathetic, casual, and concise, perfectly matching the brand voice.",,
1657,@SpotifyCares when I try to log in the application it will not even bring up the username and password page the login button does not work! What should I do?,"@USER Hey Sam, help's arrived! Can you tell us what device, operating system, and Spotify version you're using? We'll see what we can suggest /CH",Account & Login Access,Account & Login Access,True,True,"The user is unable to access the login interface, indicating a potential account access issue that requires manual review.","Hey! That sounds super frustrating. Since the login screen isn't loading, we need a specialist to take a closer look at your account status. I've flagged this for our team to get you sorted out ASAP. 🛠️ /AI",2,4,"The draft fails to address the user's issue by hallucinating a 'flagging' action and not requesting the necessary diagnostic information (device/OS) provided in the ground truth. While the tone is empathetic and casual, the lack of actionable steps or correct routing makes it unhelpful.",,
1099,"@USER @SpotifyCares spotify, hello, good day, can u help me out? tried texting to 20600 too but nothing.","@USER Hey there! Don't worry, help's here. Can you DM us your account's email address or username? We'll take a look backstage /MT",App Bug & Performance,Account & Login Access,False,True,"The user is unable to reach support via SMS and is requesting assistance, which typically indicates an account access or login issue requiring human intervention.","Hey there! Sorry you're having trouble getting in touch. Since you can't reach us via text, I'm flagging this for our human team to help you out directly. Hang tight! /AI",3,4,"The draft is empathetic and acknowledges the issue, but it fails to request the necessary account details (email/username) required to actually help the user, unlike the ground truth. The tone is casual and appropriate, though slightly less direct than the human agent.",,
407,@SpotifyCares 8.4.21.508 armV7,"@USER Thanks for that. Is this crash happening while connected to WiFi, 3G/4G or both? Keep us posted /JI",App Bug & Performance,App Bug & Performance,False,False,"User provided app version details likely for troubleshooting a technical issue, which can be handled via standard support protocols.",Thanks for the version info! Is there a specific issue you're running into with that build? Let us know so we can help you out. 🎧 /AI,3,4,"The draft is helpful but less specific than the ground truth, which correctly inferred a crash issue and asked about network connectivity. The tone is casual and empathetic, fitting the brand voice well.",,
788,@SpotifyCares is there a way to see recently deleted Shazams? Had a few duplicates and deleted one and now the original is gone,@USER Hey! This looks like something the folks at Shazam might be able to help out with. We'd suggest reaching out to them for more info /RH,Playlist & Library Sync,Feature Request & Feedback,False,False,This is a feature inquiry regarding data recovery which does not require human escalation.,"Hey! We don't currently have a 'recently deleted' bin for Shazams, so once they're gone, they're gone. 😔 We've passed this feedback to the team to see if we can add a recovery option in the future. /AI",2,4,"The draft hallucinates a specific policy (no bin) and falsely claims to have passed feedback, whereas the ground truth correctly identifies that Shazam is a separate entity and directs the user to them. The tone is good, but the incorrect routing and made-up internal actions make it unhelpful.",,
1022,". @USER it's 2017, add an easily accessible sleep timer to your damn app already. Sincerely, every user. #SleepSpotifySleep #UpAllNight",@USER Hey! A sleep timer is a great idea. Help make it happen by adding support here: /NQ,App Bug & Performance,Feature Request & Feedback,False,False,"This is a standard feature request regarding app functionality, not a critical issue requiring human intervention.",We hear you loud and clear! 📝 We've passed this feedback along to our product team to see what we can do. Thanks for the shout-out! /AI,3,4,"The draft acknowledges the feedback and claims to pass it along, which is helpful but lacks the specific actionable link provided in the ground truth to directly support the feature request. The tone is casual and empathetic, fitting the brand voice well, though slightly more generic than the concise ground truth.",,
1034,When will Spotify get updated and fixed for iOS especially to fit the iPhone X screen @SpotifyCares,@USER Hey David! Check out the official idea and add your vote to let our devs know it's something you'd like to see: /KL,App Bug & Performance,App Bug & Performance,False,False,This is a general performance and UI compatibility issue that can be addressed with standard troubleshooting or status updates.,"We hear you! We're constantly working on optimizing the app for all devices, including the iPhone X. Please make sure you're on the latest version from the App Store. If it's still glitching, try restarting your phone. Thanks for your patience! 📱 /AI",2,4,"The draft provides generic troubleshooting advice (restart phone) which is likely unhelpful for a specific UI layout issue and fails to direct the user to the official feature request/idea page as the ground truth did. The tone is casual and empathetic, but the lack of specific routing makes it less helpful.",,
1529,"@USER Hi! I recieved a gift card, but somehow I can't redeem it. #help","@USER Hey Nadi! Can you DM us your account's username or email address, and the code you're trying to redeem? We'll see what we can suggest /AP",Billing & Subscription,Billing & Subscription,True,True,Gift card redemption issues involve billing and account credit adjustments which require manual verification.,Hey there! Sorry about the trouble with your gift card. 🎁 I've flagged this for our billing team to look into so we can get that credit sorted for you. /AI,2,4,"The draft fails to request the necessary information (username/email and code) required to investigate the issue, instead falsely claiming it has already been flagged for the billing team. While the tone is empathetic and casual, the lack of actionable next steps makes it unhelpful.",,
334,"@SpotifyCares hey guys, how come when i play music off my laptop this static sound increases until i can't hear the original music","@USER Hey Kevin, that doesn't sound good. Just to check, is it happening to any track? What Mac OS and Spotify version are you using? /RK",Audio Playback Failure,Audio Playback Failure,False,False,This is a technical audio issue that can be resolved with standard troubleshooting steps.,"That sounds really annoying! 🎧 Try restarting your laptop and checking your audio drivers. If it persists, let us know what device you're using so we can dig deeper. /AI",3,4,"The draft provides generic troubleshooting advice (restarting, drivers) which may not be the correct first step for a specific Spotify app issue, whereas the ground truth correctly asks for specific diagnostic details (OS, version, track specificity). The tone is casual and empathetic, fitting the brand voice well.",,
1508,@SpotifyCares No it doesn’t. have the most recent update and premium,@USER Let's try restarting your phone. Just press and hold the Sleep/Wake and Volume Down buttons for about 10 seconds. Keep us posted /CX,Billing & Subscription,App Bug & Performance,True,False,"The user is reporting a technical issue with the latest app version, which is typically handled by the technical support team rather than requiring immediate human escalation.",Sorry to hear the latest update isn't working as expected! Could you let us know what specific issue you're seeing? We'll get to the bottom of it. /AI,3,4,"The draft is empathetic and asks for clarification, which is a reasonable step, but it misses the specific troubleshooting action (force restart) provided in the ground truth, making it less immediately helpful. The tone is casual and appropriate, though slightly more verbose than the concise human agent.",,
285,Hi @SpotifyCares I just got a new laptop &amp; wondering if there's a way to transfer downloaded songs from my old one w/o redownloading? Thanks,@USER 2: There's more info about managing offline devices here: /KB,App Bug & Performance,Playlist & Library Sync,False,False,This is a standard sync and data transfer inquiry that can be resolved with general guidance.,"Hey there! Unfortunately, offline downloads are tied to the specific device they were saved on, so you can't directly transfer the files. You'll need to re-download them on your new laptop, but your library and playlists will sync automatically once you log in. Hope that helps! /AI",4,5,"The AI provides a direct and accurate answer to the user's specific question about file transfer, which is more helpful than the generic link provided by the human agent. The tone is casual, empathetic, and concise, perfectly matching the brand voice.",,
1232,Hey @SpotifyCares could you figure out why Lauren got charged this month and sort it out please? We’re all terribly concerned with this.,"@USER Hey. We've checked backstage, and it appears everything has been sorted out. Thanks for the heads up! /AY",Billing & Subscription,Billing & Subscription,True,True,"The user is reporting an unexpected charge for a specific user, which requires manual billing investigation and potential refund processing.",Hi there! I'm sorry to hear about the unexpected charge for Lauren. I've flagged this for our billing team to investigate and sort out for you. Thanks for your patience! 🙏 /AI,3,4,"The draft is polite and empathetic but fails to provide the specific resolution (that the issue was already sorted) found in the ground truth, instead offering a generic 'flagged for investigation' response which may be inaccurate or delay the user. The tone is good and casual, though slightly more formal than the concise ground truth.",,
1236,@SpotifyCares In my library,@USER Got it! Can you DM us your account's email address or username? We'll check backstage /AR,Playlist & Library Sync,Playlist & Library Sync,False,False,The user is reporting a library issue which is typically auto-resolvable via sync checks.,"Hey! Sorry your library is acting up. 📚 Try refreshing your app or checking your internet connection to see if that helps. If it's still missing, let us know what specifically disappeared! /AI",2,4,"The draft fails to address the likely intent of the user (reporting a specific missing item or bug) by offering generic troubleshooting steps instead of requesting the necessary account details (DM) to investigate, as done in the ground truth. The tone is casual and empathetic but misses the crucial routing step for a specific account issue.",,
1494,@USER still looking for I Want Us...by The Roads Below??? It just disappeared into thin air! What happened?,@USER Hi Jody. Sometimes content gets temporarily removed because of licensing changes. Hopefully we'll have it available again soon! /JU,Playlist & Library Sync,Content Availability,False,False,"The user is reporting a missing track, which is a standard content availability issue that can be addressed with general troubleshooting or catalog information.","Hey! That's super frustrating. Sometimes tracks disappear due to licensing changes. Try searching for the artist name directly or checking if it's on a different album. If it's still gone, it might be temporarily unavailable. 🎧 /AI",4,5,"The response correctly identifies the likely cause (licensing) and offers reasonable troubleshooting steps, though it is slightly more verbose than the ground truth. The tone is empathetic, casual, and concise, fitting the brand voice perfectly.",,
