thread_id,customer_text,historical_reply,true_intent,predicted_intent,should_escalate,predicted_escalate,retrieved_reply
1309,Hi @USER I have a premium account as part of my @USER bundle. I'd like to have premium family but am not sure if it's possible due to the account type I have. Can you advise? Thx,@USER Hey Kate! We'll help out. Can you DM us your account's email address? We'll take a look under the hood /AN,Billing & Subscription,Billing & Subscription,True,True,@USER Hey there! That's not cool. Does logging out &gt; restarting the device &gt; logging back in help? Keep us posted /RV
228,@USER Misleidende reclame,"@USER Hey! We can help out in English via Twitter, but we also have Dutch support via email at /SJ",App Bug & Performance,App Bug & Performance,False,False,@USER Sweet. Are you getting any specific error messages? A screenshot would come in handy /NS
51,"@SpotifyCares Yesterday the Spotify toolbar disappeared from my Android phone's lock screen. Is this a bug, or was it removed in an update, or what?","@USER Hey Brenda, help's here! Does logging out, restarting your device, and logging back in make a difference? /LO",App Bug & Performance,App Bug & Performance,False,False,@USER That's odd. Are you having any issues with your other apps? /NY
1518,"@USER @SpotifyCares Im literally your loyalist customer, everyday reposting my daily mixes and uses, may i pls come to the nyc holiday party?","@USER Hey! This account is for Spotify account questions only, but let us know which party you're referring to, we'll see what we can find out /PB",App Bug & Performance,App Bug & Performance,False,False,"@USER We hear you. Rest assured, your feedback will be passed on to the right folks /NQ"
563,@USER when will we lyrics back?? It’s been too long! How am I supposed to learn my favorite artist lyrics without sounding like a fool?,"@USER Hey! Can you check if you're listening to a Genius-powered track, and try following these steps Let us know how it goes /KM",Audio Playback Failure,App Bug & Performance,False,False,"@USER Hey there! Can you tell us what device, operating system, and version of Spotify you're using? We'll see what we can suggest /SY"
501,"@SpotifyCares Hey, I can't upgrade to premium. ""503 Service Unavailable. No server is available to handle this request."" Android app and web app.",@USER Hey Sverre! Thanks for letting us know. Everything’s looking good on our end now - are you still having this issue? /NH,Billing & Subscription,Billing & Subscription,True,True,"@USER Hey there! Android is coming soon, so look out for any announcements 🎶 /Q"
457,"@SpotifyCares Yes I understand there is a limit, but why?",@USER 1: In this case. the reason is because less than 1% of users reach the 10k limit on Your Music. The current limit ensures a great...,App Bug & Performance,Playlist & Library Sync,False,False,"@USER Hmm, that's strange. We'll get this passed on to our devs so they can look into it. Give us a shout if you need anything else /NQ"
285,Hi @SpotifyCares I just got a new laptop &amp; wondering if there's a way to transfer downloaded songs from my old one w/o redownloading? Thanks,@USER 2: There's more info about managing offline devices here: /KB,App Bug & Performance,Playlist & Library Sync,False,False,@USER Hey! New content is added to Spotify every day. Hopefully we'll have all of the songs you’re looking soon /CX
1508,@SpotifyCares No it doesn’t. have the most recent update and premium,@USER Let's try restarting your phone. Just press and hold the Sleep/Wake and Volume Down buttons for about 10 seconds. Keep us posted /CX,Billing & Subscription,Billing & Subscription,True,True,@USER Thanks! Does logging out &gt; restarting the device &gt; logging back in help? Keep us posted /JJ
209,"@SpotifyCares Hey so this is the third time this happens, out of nowhere all my downloads disappear. ☹️ I went to listen to music offline today and found that I couldn't because they were all gone.","@USER Hey Adrian, sorry to hear that! Check out the steps under “Downloads unexpectedly removed” at They should help with this /SY",Playlist & Library Sync,Audio Playback Failure,False,False,"@USER Hey Angelo! We don't have that feature for now, but you can add your vote to a similar idea here: to help make it happen 🙂 /KT"
1385,.@USER please stop sending me upcoming concert emails full of sold-out shows. It’s MEAN.,"@USER We hear you, Kaitlyn! Your feedback has been noted and passed onto the team 👊🏼 /KL",App Bug & Performance,App Bug & Performance,False,False,@USER 2: The feature can be turned off through mobile. Let us know if you have any other questions /MT
1516,@SpotifyCares I recently joined Spotify premium I used to have ITunes can you please let me know how could I import my ITunes library to Spotify’s library ? Thanks,"@USER Hey! You can find more info on how to import your tunes from iTunes at If you have questions, let us know /RA",Billing & Subscription,Playlist & Library Sync,True,False,"@USER Hey there! You can try following the steps at Let us know how it goes. On the other hand, we're afraid that local files will not appear under Your Library (Songs, Artists, Albums). We'll make sure to pass on your feedback though /JP"
1827,"@USER we really need spotify in our country, i will go with premium subs if i have to!","@USER Hey Roger! Just to check, where are you currently located? /JN",Billing & Subscription,Billing & Subscription,True,True,@USER Hey there! We're launching regularly in countries around the world. Sign up here to be first to hear: 🙂 /JI
1116,@USER How do you stop premium???,@USER Hey! We can help cancel your subscription. Can you DM us your account's email address? We'll be waiting for your reply /MG,Billing & Subscription,Billing & Subscription,True,True,"@USER On your mobile device, you should be able to turn off this feature by going to Settings &gt; Stranger Things Mode. Hope this helps /AR"
178,"@SpotifyCares Sorted, thanks! Took over an hour and several different devices, but done. Kept receiving a server error. Thanks for getting back to me. (Just got to wait &amp; go through 8 days of kids arguing for Premium for Family now) 😂👍","@USER Glad to hear you're finally on Premium for Family now! If you ever need us again, we're just a tweet away. 😁 /JE",Billing & Subscription,Billing & Subscription,True,True,"@USER What happens when you try to play a track on that album? Are you seeing any error messages? If so, a screenshot would be handy /LO"
1209,@USER can y'all update red velvet's discography already? why is rebirth still their most recent album?,"@USER Hi! We’d love to have all of Red Velvet's stuff available, but we have some info about content here: We'll be here if you have other questions 🙂 /RR",App Bug & Performance,Content Availability,False,False,"@USER Hey! Fingers crossed we'll be able to have it soon, but there's info about Spotify content here: /DF"
864,"@SpotifyCares It’s an iPhone 7 Plus, iOS 11.1.2 and it’s he most recent Spotify update",@USER Thanks! Does logging out &gt; restarting the device &gt; logging back in help? Keep us posted /JJ,App Bug & Performance,App Bug & Performance,False,False,"@USER Got it. Do you come across any error messages when your playback stops? If so, can you send us a screenshot? /JU"
65,@SpotifyCares It is an #amazing album. @USER at his finest,@USER We'd love to have it on Spotify! Fingers crossed it'll soon be available to us 👍 /RK,Content Availability,Content Availability,False,False,@USER Hey Soumik! We're launching in new countries as often as possible. Be sure to add your email at /TB
61,@SpotifyCares I have a problem with my new release not showing up under my artist profile. When can you fix this?,@USER Hey! Sorry about that. We’d recommend reaching out to your distributor/aggregator. They'll work with our team to get this sorted /MC,Content Availability,App Bug & Performance,False,False,"@USER Hey there, help's here! Does logging out &gt; restarting the device &gt; logging back in help? Keep us posted /CG"
191,thank you @USER for giving me useless information when all i wanted to know was what he was saying at that moment,"@USER Hey Claire! These annotations give extra details to the songs. In the track's last Genius card, there’s a link to the full lyrics /CE",App Bug & Performance,App Bug & Performance,False,False,@USER No worries! Sounds like a plan. We'll be keeping an eye out for your update 🙂 /DR
447,"@USER Hello, im having problems qith my account! I paid for premium but I still can’t use it ??? My account seems to still be on spotify normal and the payment passed ! I turned off my account , still doesnt work. What can i do?",@USER Hey Melissa! Can you fire over your account's email address via DM? We'll take a look backstage /JA,Billing & Subscription,Billing & Subscription,True,True,@USER Hey! We’re sorry to hear that. Check out for what to do next /NQ
476,@USER I'm trying to authorize payment for my premium account and the website won't take payment! Funds are available whats wrong?,"@USER Hey Jewels, we'd love to help! Can you DM us your account's username/email address? We'll check what's happening backstage /JP",Billing & Subscription,Billing & Subscription,True,True,"@USER Hey there, help's here! Could you DM us your account's username and email address along with some details about what's happening? /MQ"
1034,When will Spotify get updated and fixed for iOS especially to fit the iPhone X screen @SpotifyCares,@USER Hey David! Check out the official idea and add your vote to let our devs know it's something you'd like to see: /KL,App Bug & Performance,App Bug & Performance,False,False,@USER Thanks! Try restarting your device by holding Home + Lock for 10 seconds. Does that help? /RB
1232,Hey @SpotifyCares could you figure out why Lauren got charged this month and sort it out please? We’re all terribly concerned with this.,"@USER Hey. We've checked backstage, and it appears everything has been sorted out. Thanks for the heads up! /AY",Billing & Subscription,App Bug & Performance,True,False,"@USER Hi Francesca, help's here! Can you DM us your account's username or email address? We'll take a look under the hood /PL"
54,"@SpotifyCares I used the Inspect element in Chrome to look at the code for the form. It loaded in the window pane on the left side. When I closed the inspection tool, the form was still there. I entered my information and all is well. Weird.","@USER Just to clarify, were you able to successfully update your payment details? /LM",Billing & Subscription,App Bug & Performance,True,False,@USER Hey Niki! Does using an incognito window/private browser help at all? Let us know how that goes /TF
1149,@SpotifyCares Thanks. Is it something that might be available in the future?,"@USER While we have no info to share about this, you could vote for the official idea in our Community: /MU",Content Availability,Content Availability,False,False,@USER Sometimes content gets temporarily removed because of licensing changes. Are you having trouble playing any of David Archuleta's songs? /TB
407,@SpotifyCares 8.4.21.508 armV7,"@USER Thanks for that. Is this crash happening while connected to WiFi, 3G/4G or both? Keep us posted /JI",App Bug & Performance,App Bug & Performance,False,False,@USER Hmm. Have you tried logging out then back in? Does restarting your device help at all? /PB
1466,@SpotifyCares I'm using xiaomi redmi 3s. But it happens also when I'm listening from the website😥,"@USER Hmm, that's odd. Can you DM us your account's email address or username? We'll take a look backstage /MT",App Bug & Performance,App Bug & Performance,False,False,@USER Got it. Could you send us a screenshot of what you see when you try to play one of those songs? We'll take a look /RH
1330,@SpotifyCares Hey thanks for replying so fast I don't get any message it just won't play.,"@USER Could you fire over the make/model, operating system, and the Spotify version of the device you're using? We'll see what we can suggest /KB",Audio Playback Failure,Audio Playback Failure,False,False,"@USER Hmm. Can you let us know the exact device, Android, and app versions you're using? We'll wait for your reply /PB"
1436,@SpotifyCares how many votes does it take to make @USER think about it?,"@USER Don't worry, our team is always on the watch for new ideas from our Community's ideas board. Hopefully we'll have it implemented soon 🙂 /AC",App Bug & Performance,App Bug & Performance,False,False,"@USER 2: haven't had a subscription before. Sign up here: Any questions, give us a shout /NG"
859,@SpotifyCares how can I remove the 3.3k song limit on downloads? What's the point of a 256GB phone with this limitation?,@USER Hey! You can learn more about the song limit in Your Music here: /RB,Playlist & Library Sync,Audio Playback Failure,False,False,"@USER We hear you 🎧 Rest assured your feedback's been noted and passed on to the right folks. Any questions, just give us a shout /AN"
451,WHY FHE FUCK IS SPOTIFY ACTING UP???? @USER FIX YOUR DAMN APP UGLIES,"@USER Hey! Don’t worry, we can help. What’s happening exactly? Can you let us know the device/OS you’re using? /AP",App Bug & Performance,App Bug & Performance,False,False,"@USER Hey Gillian, help's here. What's happening exactly? If you could also let us know the device, operating system, and Spotify version you're using, that'd be great /AY"
919,@SpotifyCares Version 8.4.22.857 armV7 Android Oreo (8.0) on a Pixel.,@USER Thanks. What we could suggest is a reinstall. Just follow these steps: Let us know how it goes /GK,App Bug & Performance,App Bug & Performance,False,False,@USER Thanks. Our best tech folks are on the case as we speak. Hopefully we'll have a fix soon! /DR
1206,"A lot of songs like that recently got taken off of @USER and I'd like to know why, @SpotifyCares.",@USER Hey Matt. Sometimes content gets temporarily removed because of licensing changes. Hopefully we'll have it available again soon! /NS,App Bug & Performance,App Bug & Performance,False,False,@USER Hi there! Sometimes content gets temporarily removed because of licensing changes. Hopefully we'll have it available again soon /AK
569,@SpotifyCares it shows the whole list but i once i click on a certain song it only plays a preview?,"@USER Hey Lizzy! What device, operating system, and Spotify version are you on? We'll see what we can suggest /AY",Audio Playback Failure,Audio Playback Failure,False,False,"@USER Can you try restarting your device, then log out and back in? While you're at it, what Android and Spotify versions are you using? /AU"
1657,@SpotifyCares when I try to log in the application it will not even bring up the username and password page the login button does not work! What should I do?,"@USER Hey Sam, help's arrived! Can you tell us what device, operating system, and Spotify version you're using? We'll see what we can suggest /CH",Account & Login Access,Account & Login Access,True,True,@USER Hey Javier! We'll help out. Can you DM us your account's email address? We'll take a look under the hood /AN
1780,"@SpotifyCares Didn't work. Also, y'all need an option to keep the quick controls in the notification panel even when I'm not in the app for a few minutes. If I still have a device playing Spotify the controls should stay, not time out.","@USER Hmm. Can you reinstall the app this time by following the steps here: As for the quick controls not timing out, we'll let our devs know that it's something you'd like to have on the mobile app /JU",Audio Playback Failure,App Bug & Performance,False,False,"@USER Got it. Are you seeing any error messages when trying to play the tracks? Also, is this happening across all your devices? /LO"
13,@SpotifyCares Hi there! Those songs are not found on Spotify 😭😢,"@USER We understand your frustration. We’d love to have all of their stuff available! Hopefully we will in the future. In the meantime, we have some info about content here: If you ever need anything else, just shout and we'll come running 🏃 /LX",App Bug & Performance,App Bug & Performance,False,False,"@USER Hey there! Is there something you need our help with? If so, let us know and we'll take a look 🙂 /VK"
1554,"@SpotifyCares my Facebook bio is linking to a user by the same name instead of my verified artist account, how can I fix this?",@USER Hey! Our friends in Artist Support are the right folks to help with this. You can get in touch with them here: /MU,Account & Login Access,App Bug & Performance,True,False,"@USER Hey, we're here to help! Can you DM us your account's email address? We'll take a look backstage /KM"
1650,"@SpotifyCares hi, images don't render on app. S7 edge, should I reinstall?","@USER Hey Danny, help's here! Can you let us know the Android and Spotify versions you're using? We'll see what we can suggest /RS",App Bug & Performance,App Bug & Performance,False,False,"@USER 1: Thanks. Does the app crash during playback or when using the app's other features? Can you try logging out, restarting the app... /SJ"
326,@SpotifyCares Ireland,"@USER Got it! It should be available in your region. Can you let us know the device, operating system, and app version you're using? /PB",App Bug & Performance,App Bug & Performance,False,False,@USER How about logging out &gt; restarting your device &gt; logging back in again? /KM
1429,"@SpotifyCares I do not use the app, only the online version and my device is up to date.",@USER Great. Can we have you try clearing your cache/cookies? You might also want to try using an incognito window. Let us know how it goes /JI,App Bug & Performance,App Bug & Performance,False,False,@USER Got it. Can you check if reinstalling the app does the trick? Just follow the steps at Keep us posted /DV
865,What’s up @USER? My premium acct isn’t working. Not a fan of ads or not being able to pick my song selection.,"@USER Hey Kim, help's here! Can you DM us your account's email address and username? We'll take a look backstage /MX",Billing & Subscription,Billing & Subscription,True,True,@USER Hey there! Everything should be running smoothly now. Let us know if this is still happening /FR
696,@SpotifyCares Hi. Can I try 3 months of Premium for $0.99 and after 3 months change it to Premium for students?,@USER Hey! Help's here. Can you DM us your account's email address? We'll take a look backstage and give you some more info /BD,Billing & Subscription,Billing & Subscription,True,True,"@USER Hey Stephanie! We can see that you're currently on Premium. Right now, this offer's for new subscribers only. This campaign will last till the 31st of December. Customers eligible for this offer will get 3 months of Premium. Hope this clears things up /RS"
318,"Now that I'm down a Cash Money rabbit hole, someone tell @USER their The Heart Of Tha Streetz tracklist is off.","@USER Hey Briana! Thanks for reporting. Can you send over the URI of the album, as well as what looks incorrect on your end? We'll take a look /TB",Billing & Subscription,App Bug & Performance,True,False,@USER Hi! We're afraid it's not possible to turn off Suggested tracks as it's part of our Free service on mobile: /JP
440,"Would be very cool @USER if under ""New Releases"" things were separated by Album vs. Single &lt;3",@USER This sounds like a great idea! Suggest it in our Community at so it can get support from other users 💚 /RR,Content Availability,Content Availability,False,False,@USER Hi there! Can you DM us your account's username or email address? We'll take a look under the hood /JM
1960,@SpotifyCares I didn’t make one after it didn’t get me approved.,"@USER Just to check, have you created a Spotify account already? If not, you can create one here: Hope that helps /AC",App Bug & Performance,App Bug & Performance,False,False,"@USER Got it. Are you seeing any error messages when trying to play the tracks? Also, is this happening across all your devices? /LO"
1563,"@SpotifyCares Maybe there is a way of stopping automatic update. Seriously, im getting tired of this problem",@USER Hey there! We're sorry to hear that. It's not currently possible to turn off automatic update. Are you still having issues with the app? /PB,App Bug & Performance,App Bug & Performance,False,False,"@USER Hey there! What device, operating system, and Spotify version are you using? We'll see what we can suggest /RB"
689,"@SpotifyCares OK, so I have a paid Spotify subscription and a paid Groove Music subscription. You're not gonna charge me double, are you?","@USER Hey Slim, not at all! We have more info to share here: If you have any other questions, let us know 🙂 /NG",Billing & Subscription,Billing & Subscription,True,True,"@USER We understand. Don't worry, We'll let the right team know it's something you'd like to see /NS"
189,@SpotifyCares Do you guys know about the player background bug in iOS yet? Here’s a quick video of it.,"@USER Got it, thanks for pointing that out for us! We'll let the right team know this something they should look into. Great detective work: 🔍 /TB",Audio Playback Failure,App Bug & Performance,False,False,"@USER Just to check, does this also happen even when not connected to your car stereo? /RC"
778,"@SpotifyCares fyi, when Spotify goes to an ad, the whole app (android) needs the ol' turn it off and on again to work. Bug in the last update?","@USER Hi PJ, help's here. Can you let us know the device, operating system, and Spotify version you're using? We'll see what we can suggest /NY",App Bug & Performance,App Bug & Performance,False,False,@USER Hey! We hear you. Your feedback has been noted and passed onto the team /NQ
198,"@USER Add my name to the list of people who don't like that 3,333 limit. I just bought a 128GB sd card for my tablet &amp; just found out I can't use it the way I want. My list of songs I want to download isn't far above that limit either.","@USER Hey Carmen! Thanks for sharing your thoughts about the download limit. Don't worry, we'll pass your feedback on to the right folks. You can also vote for the official idea here: /KB",Playlist & Library Sync,Playlist & Library Sync,False,False,"@USER Just to check, is this happening on 3/4G, WiFi, or both? /KM"
735,how cant SPOTIFY be available in my countryyyyyy wtf,@USER Hey there! Could you let us know the country you're currently in? We'll keep an eye out for your reply /LP,Content Availability,Content Availability,False,False,@USER Hey Serge! The Stranger Things Mode is in partnership with Netflix to promote the latest season of Stranger Things. It's a cool feature available for users who stream from the official playlists of the series. You can try it out to see for yourself 🙂 /JE
1735,"@SpotifyCares Tried that, totes doesn't work. When I play from mobile OR desktop, I can't drag the currently playing song...","@USER Thanks for giving it a shot. We're afraid it's not currently possible on Mac. Don't worry, we'll pass on your feedback to our devs /AY",Audio Playback Failure,Audio Playback Failure,False,False,@USER Got it! Thanks for taking the time to reach out – your feedback's been noted 📝 /DF
704,"yo @USER why don't you have a ""remove from this playlist"" option on mobile?","@USER Hey! What device, operating system, and Spotify version are you using? We'll see what we can suggest /CB",Audio Playback Failure,Audio Playback Failure,False,False,@USER Hey! You can find info on removing tracks from playlists here: Is this what you're looking for? /RE
1236,@SpotifyCares In my library,@USER Got it! Can you DM us your account's email address or username? We'll check backstage /AR,Playlist & Library Sync,App Bug & Performance,False,False,"@USER Hey! You can find more info on how to import your tunes from iTunes at If you have questions, let us know /RA"
541,@USER can you please not put up the ad with the girl bending over?,@USER Hi Joshua! Can you give us more info on this? We'll see what we can suggest /DV,App Bug & Performance,App Bug & Performance,False,False,@USER Hi there! Can you try this: Let us know how it goes /MG
1652,"@SpotifyCares Getting clicking and popping sounds on Spotify Premium (1.0.67.582.g19436fa3) Playback, reinstalled, Hardware Acceleration off, High Quality streaming off, 3 X spotify.exe? (PCSpec:",@USER Hey Nick! What's the exact Spotify version you're using? Does logging out &gt; restarting your device &gt; logging back in help? /AY,Billing & Subscription,Billing & Subscription,True,True,"@USER Thanks for the info. Just to check, is the same issue happening on a different PC? Keep us updated /NY"
88,@SpotifyCares the share feature is broken. I love sharing my Spotify links but all it does is show a blank page and goes back to the song.,"@USER Hey Miranda! What device and Spotify version are you using? Also, what platform are you sharing to? We'll see what we can suggest /BH",App Bug & Performance,App Bug & Performance,False,False,"@USER Hi there, help's here. Can you let us know the operating system and Spotify version you're using? Does logging out and back in help? /AC"
1494,@USER still looking for I Want Us...by The Roads Below??? It just disappeared into thin air! What happened?,@USER Hi Jody. Sometimes content gets temporarily removed because of licensing changes. Hopefully we'll have it available again soon! /JU,Playlist & Library Sync,Audio Playback Failure,False,False,"@USER Hey Mark! Just to check, are you referring to a playlist you've downloaded for offline use or is it missing even when you're online? We'll be right here waiting /LP"
940,"@SpotifyCares The app pausing Spotify constantly is @USER 's Dasher app for drivers, here's screenshots of my phone and app info","@USER Thanks for the screenshots. When did this start happening, was it after a specific update or has it been happening ever since? /HC",App Bug & Performance,App Bug & Performance,False,False,"@USER Hi there! Everything's up and running on our end. What's happening exactly? Can you let us know the exact device, operating system, and Spotify app version you're using? We'll help out /NJ"
1098,@USER Too bad it’s not an Apple Watch app,@USER 2: add your vote to let our devs know it's something you'd like to see: /RC,App Bug & Performance,Playlist & Library Sync,False,False,"@USER Hi Gracie! Although the app is not currently available for the Apple Watch, be sure to check out the official idea and add your vote to let our devs know it's something you'd like to see: 🙂 /JI"
255,@SpotifyCares It's been like this for the past 8 minutes,@USER That's odd. Does using a different browser help at all? /AP,App Bug & Performance,App Bug & Performance,False,False,"@USER Hey Abbie, that doesn't sound good! Did the app crash at any point during the 30 minutes? That can cause the ad-free time to reset /MQ"
1992,"@SpotifyCares Did yall take apps off of your service? I used to have one a couple years ago that helped me find artists from various countries. If yall did, do yall offer any ways that can help me find some? Any playlists or features?","@USER Hey there! Just to clarify, are you trying to download the Spotify app? What device, operating system, and Spotify version are you using? We'll see what we can suggest /MA",Audio Playback Failure,App Bug & Performance,False,False,@USER Hey there! What’s happening exactly? Can you tell us more about it? We'll see what we can suggest /JE
1888,"@SpotifyCares @USER always goes to ""Brain freeze"" when trying to cast. Other apps work fine with it. Android, iOS same issue.",@USER Hi there! Can we have you check out the steps under 'Spotify and Chromecast: General Troubleshooting’ at: /JI,App Bug & Performance,App Bug & Performance,False,False,"@USER Hey there! Are you getting any specific error messages? What device, operating system, and Spotify version are you using? /KC"
775,@USER hi ya question why does my music skip if it's downloaded or streaming #veryanoying,@USER Hey there! That's not cool. Does logging out &gt; restarting the device &gt; logging back in help? Keep us posted 🙂 /CG,Audio Playback Failure,App Bug & Performance,False,False,"@USER Can you try going to the playlist that you want to sort? Then click on the column, it should arrange it alphabetically. Keep us posted /GU"
161,"@USER @USER Hmm. 🤔 The song is still there when I search and plays fine, but not listed as part of the album (as it’s been every time before).",@USER @USER Hey Linds! Can you send us the Song Link? Just tap the three dots &gt; Share &gt; Copy Link. We'll look into this for you /MS,Audio Playback Failure,Audio Playback Failure,False,False,"@USER Hey, that doesn't sound right. Can you let us know the iOS and Spotify versions you're using? We'll see what we can suggest /RH"
1130,@SpotifyCares S8+. Version 8.4.24.871 armv7,@USER Thanks! Could you try restarting your device for 30 seconds? Let us know if you see any difference /LD,App Bug & Performance,App Bug & Performance,False,False,"@USER Can you log out, restart the device, then log back in before checking if the same thing happens again? /JU"
600,"@SpotifyCares Version 1.0.68.407.g6864aaaf now, but the freeze happened shortly after I started up and got the 'updating' message. Windows error logs don't seem to have anything.",@USER Thanks for letting us know. Does logging out &gt; restarting the device &gt; logging back in help? Keep us posted /AL,App Bug & Performance,App Bug & Performance,False,False,"@USER Yes, thanks for sending over the exact versions you're using. Does logging out, restarting your device, and logging back in make any difference at all? /YM"
1698,@SpotifyCares i cant login to my premium for family account ... my profile is showing as free for some reason,@USER Hey! Can you DM us your account's username and email address? We'll take a look behind the scenes /JL,Billing & Subscription,Billing & Subscription,True,True,"@USER Hey there, help's here! Does logging out &gt; restarting the device &gt; logging back in help? Keep us posted /CG"
1287,@USER @SpotifyCares need support,"@USER Hey Ferry! Don’t worry, we'll look into this. What’s happening exactly? Can you let us know the operating system you’re using? /MS",App Bug & Performance,App Bug & Performance,False,False,"@USER Hey! Don’t worry, we can help. What’s happening exactly? Can you let us know the device/OS you’re using? /TB"
1266,"@USER Now, I have a error code:2 (Service is temporaly unavailable) is this correct?","@USER Hey Gerardo! Help's here. Can you let us know what device, operating system, and version of Spotify you're using? We'll check backstage /AN",Billing & Subscription,Billing & Subscription,True,True,"@USER Hey, sorry to hear that! Check out the steps under “Downloads unexpectedly removed” at Hope this helps /QI"
1813,"@SpotifyCares When I go to OFFLINE mode the downloaded songs I have will not play Doesn't happen all the time, but has happened more than once on Samsung8",@USER That's not cool. Does logging out &gt; restarting the device &gt; logging back in help? Keep us posted /MX,Audio Playback Failure,Audio Playback Failure,False,False,@USER Hmm. Can you DM us your account's username or email address? We'll check things out backstage /YM
1764,@SpotifyCares I already tried a different browser and now I just tried incognito. No difference. Still frozen.,@USER Got it. Can you try restarting your device and see if that helps at all? Keep us posted /AG,App Bug & Performance,App Bug & Performance,False,False,"@USER Hey, thanks for keeping us posted. What browsers have you tried? Could you also let us know the operating system you're on? /AY"
740,"@SpotifyCares This is the track that's wrong: spotify:track:2VQc9orzwE6a5qFfy54P6e On the album, there are two different songs called ""Blessings"" - track 5 and 14. The system just has the second one (track 14, spotify:track:5IdQEHgtmj9th3OkfQKhf8 ) in both spots.",@USER Thanks! Can you also let us know the country you're account is currently set to? /LO,Content Availability,App Bug & Performance,False,False,"@USER Hey, help's here! Can you let us know the device's make/model and the Spotify version you're using? We'll see what we can suggest /JS"
1182,@USER ok honestly this is doing my nut in now whys it keep playing other random playlists when I’m tryna listen to one album??,"@USER Hey there! What device, operating system, and Spotify version are you on? Are you rocking Free or Premium? /AY",Audio Playback Failure,Audio Playback Failure,False,False,"@USER Hey! What device, operating system, and Spotify version are you using? Also, are you Premium or Free? We'll see what we can suggest /CB"
393,@SpotifyCares I’m using the newest version of iOS and the 8.4.25 version of spotify,@USER Thanks. Could you let us know the exact iOS device and version? We'll see what we can suggest /RS,App Bug & Performance,App Bug & Performance,False,False,@USER Got it. Are you currently using a beta iOS version? Does restarting your device by holding the Sleep/Wake + Volume Down buttons for 10 seconds help at all? /KB
1442,@SpotifyCares Is the lyrics feature coming back like you guys said 10 months ago?,"@USER Hi! We hear you. Any updates will be posted at We'd recommend voting to support the idea, too /MU",Feature Request & Feedback,App Bug & Performance,False,False,"@USER We're afraid we don't have any additional info to share. Fingers crossed, it will one day. If you need anything else, let us know /RA"
142,@SpotifyCares this is not cool!,@USER Hi there! Can you DM us your account's username or email address? We'll take a look under the hood /JM,App Bug & Performance,App Bug & Performance,False,False,"@USER Thanks for sharing your thoughts! Fingers crossed that'll be possible soon. If you have anything else in mind, just give us a shout 🙂 /RH"
93,The new MacOS High Sierra update has broke the media controls on my MBPro keyboard - they no longer function?! @SpotifyCares @USER,@USER Hey Grant! Can you tell us when this started happening? Was it after an app update? /CH,App Bug & Performance,App Bug & Performance,False,False,@USER Thanks! Could you try restarting your device and see if that'll make a difference? Keep us in the loop /JM
1354,@SpotifyCares Thanks! iOS version 11.0.3 and Spotify version 8.4.22.515,@USER 2: your account's email address and we'll take a look backstage /RR,App Bug & Performance,App Bug & Performance,False,False,@USER Thanks! Can you send us a screenshot of the exact error message you're getting? /RA
466,"@SpotifyCares I have a Samsung as a phone, and I would like to download the video of the video to my phone","@USER Okay. Just to clarify, are you looking to download a video that you've found on your Spotify app onto your mobile device? Keep us posted /JI",Playlist & Library Sync,App Bug & Performance,False,False,"@USER Just to check, does this also happen even when not connected to your car stereo? /RC"
1583,.@USER do you care to explain why AM to PM by Christina Milian is not available on US Spotify?!?,"@USER Hey there, help's here! Are you getting any error messages when trying to play the song? Keep us in the loop /KL",Content Availability,Content Availability,False,False,@USER Hey there! Can you tell us what country your account is set to? We'll take a look backstage /MG
592,@SpotifyCares I can't pay for my subscription because the form keeps expiring.,@USER Hey Niki! Does using an incognito window/private browser help at all? Let us know how that goes /TF,Billing & Subscription,Billing & Subscription,True,True,@USER Hey there! This doesn't sound good. What issues are you having and on what device? We'll see what we can suggest /KB
163,"@SpotifyCares The iOS app nags me about being offline every time I turn on the phone with Spotify open and I have the phone in airplane mode. Even when I have the app in offline mode. This makes using the app during flights a frustrating, annoying, painful, and slow experience.","@USER Hey there! We're here to help. Can you tell us what device, operating system and version of Spotify you're using? /LF",Billing & Subscription,App Bug & Performance,True,False,@USER Thanks for the update. Can you try the steps here for us: Let us know if that helps at all /AG
1751,@USER @SpotifyCares Same. Seems to be the UK site is the only thing not working,"@USER Thanks for sharing. We'll look into it. Have you tried using a private/incognito window or a different browser? By the way, what is it that you were trying to do? We'll see if there's something we can do from here /CO",App Bug & Performance,App Bug & Performance,False,False,@USER Got it. Looks like the album isn't available in your country due to licensing. More info here: /AY
1774,"@SpotifyCares yep, but iys haooen too often",@USER Is this happening to this album alone? Could you check other tracks/albums as well? We'll wait for your reply /JP,App Bug & Performance,App Bug & Performance,False,False,@USER How about logging out &gt; restarting your device &gt; logging back in again? /KM
206,@USER I can I purchase the premium??,"@USER Hey there! To enjoy Spotify Premium, just go here: Let us know how it goes /RE",Billing & Subscription,Billing & Subscription,True,True,"@USER Hey Allison! Can you try logging in to your account at Afterwards, head over to Let us know how it goes /SJ"
928,"If @USER doesn’t quit pausing my music when I get a notification, im switching to Apple Music",@USER Hey Logan! The cavalry's here. Could you tell us the iOS and Spotify version you're currently on? We'll see what we can suggest /KB,App Bug & Performance,Audio Playback Failure,True,False,@USER Hey there! That's not cool. Can you let us know the exact iOS and Spotify versions you're rocking? We'll see what we can suggest /QI
1301,"feature request for @USER mac app, profiles like work, home etc. I hate disabling/enabling proxy when at home/work :(","@USER Hey Baran, this sounds like a great idea! Suggest it in our Community at and get support from other users /TB",Feature Request & Feedback,Audio Playback Failure,False,False,@USER We're glad to hear you want to join the band! Head here to apply: /LO
1708,"@SpotifyCares It’s an IPhone SE, it’s weird as every other artist is playing fine",@USER Got it! That's not cool. Does logging out &gt; restarting the device &gt; logging back in help? Keep us posted /MX,Audio Playback Failure,App Bug & Performance,False,False,"@USER Hmm. Does logging out, restarting your device, and logging back into Spotify help? Keep us in the loop /JI"
747,"@SpotifyCares help please! This is on my Windows desktop app and this keeps popping up. Have restarted, logged out all devices, changed password. Been going for a couple days now and no help that I can find online.",@USER Hi Steve! Help's here. Can you DM us your account's username or email address? We'll take a look under the hood /DN,Account & Login Access,App Bug & Performance,True,False,@USER Hmm. Best thing to try here is a quick reinstall. Just follow the steps at Let us know how it goes /NS
333,@USER y’all lame for not letting mobile phones set pics on our playlists,@USER Hi there! Thanks for the feedback. We'll pass it onto the right team. Let us know if there's anything else we can do to help /DV,Audio Playback Failure,Audio Playback Failure,False,False,"@USER Hey! Right now, this isn't possible, but we can see how that’d be useful. You can vote for the official idea at /AG"
758,@SpotifyCares I am always using incognito browsing =)),@USER Got it. How about trying it out on another browser? Does it make any difference? /GK,App Bug & Performance,App Bug & Performance,False,False,@USER Gotcha. Try giving it another go using an incognito window of your browser to avoid any cache-related issues. Let us know how it goes /SY
727,@SpotifyCares Premium &amp; when i️ have it on shuffle it turns off when the song is done and just plays in order and the repeat lights up but doesn’t repeat,@USER Hmm. Can you try restarting your device by holding the Sleep/Wake + Volume Down buttons for 10 seconds? Keep us posted /LS,Billing & Subscription,Audio Playback Failure,True,False,"@USER Hey! What device, operating system, and Spotify version are you using? We'll see what we can suggest /CB"
429,@SpotifyCares I have tried this several times but it does not work,"@USER Got it.Is this happening while connected to WiFi, 3G/4G or both? /KL",App Bug & Performance,Audio Playback Failure,False,False,@USER Thanks for giving it a shot. Could you open the web player in an incognito/private window? We'll be on the lookout for your update /RK
1372,Why can't I add a song to my playlist @USER @SpotifyCares,"@USER Hey Lizbeth, help's here! Are you getting any error messages when you try to add playlists? A screenshot would also be helpful /JN",Audio Playback Failure,Audio Playback Failure,False,False,@USER Hey Mick! Our Curation team are independent so there's no formal submission process. Check out to help you gain visibility /JP
546,".@USER The debut album from Stormwarrior is self titled, not called ""Same"".",@USER Hey there! Could you let us know what device/OS you're using? We'll take a look backstage /DF,Content Availability,Content Availability,False,False,@USER Hi there! We’ll have it available to you as soon as it’s available to us. /GK
1437,@USER @USER @USER sad to say Spotify is not in India,@USER Hey Prajwal! We're launching in new countries as often as possible. Be sure to add your email at /K,App Bug & Performance,App Bug & Performance,False,False,"@USER Hey Joana! Taylor Swift's 'Reputation' isn't available to stream just yet – stay tuned. For now, check out /RA"
1918,@SpotifyCares Eastern time,"@USER 2: If you don't have that device, we're afraid it won't be possible to see your History. Do you recall the genre/lyrics of this track? /LP",App Bug & Performance,App Bug & Performance,False,False,"@USER Hey Hannah, help's here! What device are you using when you notice this? Also, is this happening on any other device? Keep us posted /MQ"
1399,@SpotifyCares Works with keyboard and Beats Solo 3 tho,@USER Thanks for that info. Can you try the steps here for us: They should help with this. Let us know how it goes /JI,App Bug & Performance,App Bug & Performance,False,False,@USER We'll figure out what's happening exactly. Can you DM us your account's username or email address? We'll take closer look /YM
1327,"@SpotifyCares Are you really relying on your customers to determine release dates? 😲 The One-T ODC = 2003, The One-T's ABC = 2006","@USER Thanks for sending this over. We've reported this to our Content team, who will be taking a closer look at this soon. If you need anything else, just shout! /K",Content Availability,App Bug & Performance,False,False,@USER Hey Miguel. We're sorry you feel that way. Check out the steps under “Downloads unexpectedly removed” at /QI
146,@SpotifyCares Avrx2000 Denon amp . Using Spotify app on Samsung s 6 .via wireless set up .says connected on the amp but isn't connecting via the phone and app.,"@USER Thanks for the info. As we look to improve the overall Spotify experience, we are removing the app's integration from the Denon Avrx2000. There's more info here: We hope this clears things up. Let us know if you have any other questions /LM",App Bug & Performance,Playlist & Library Sync,False,False,@USER Thanks! Try restarting your device by holding Home + Lock for 10 seconds. Does that help? /RB
1247,@SpotifyCares will tablet mode work on a samsung galaxy tab E ? The screen dimensions are 9.6 inches.,@USER Hi Jae! Could you check if your device meets the system requirements at We'll keep an eye out for your reply /LP,App Bug & Performance,App Bug & Performance,False,False,"@USER Thanks for that info. Does logging out, restarting your device, and logging back into Spotify help? Keep us posted /JI"
1300,@SpotifyCares It doesn’t let me click the filter bar when editing my playlist and there is no option in the (...) next to the song that says delete,"@USER Hmm. Just to check, does the filter not allow you to enter any text at all? Can we also have you send over a screenshot of the options available to you once the (...) button has been selected? We'll see what we can suggest /JI",Audio Playback Failure,Audio Playback Failure,False,False,"@USER Hmm. Does logging out, restarting your device, and logging back in help? Also, when did the issue start happening? /RI"
350,@SpotifyCares I have a samsung s7 edge. I have the newest Spotify update and the same for my phone.,@USER Have you tried logging out &gt; restarting your device &gt; logging back in? See if that helps /RH,App Bug & Performance,App Bug & Performance,False,False,"@USER Thanks. Is this only happening via WiFi, or is it the same thing with 3G/4G? Does restarting your connection help at all? /NY"
1093,@SpotifyCares is down?,"@USER Hey there! The website should be up and running. Are you getting any error messages when accessing the site? If so, can you send us a screenshot? /PB",App Bug & Performance,App Bug & Performance,False,False,@USER How about logging out &gt; restarting your device &gt; logging back in again? /KM
1493,@SpotifyCares do I need to open Spotify on my ps4 to connect my phone? Before the new update I was able to use my phone to connect instead,@USER Hey! We suggest opening Spotify first so Connect can see your PlayStation 4 as a device. More info here: /BX,App Bug & Performance,App Bug & Performance,False,False,"@USER If you're on a home WiFi network, can you restart the router before trying again? Let us know how it goes /JU"
334,"@SpotifyCares hey guys, how come when i play music off my laptop this static sound increases until i can't hear the original music","@USER Hey Kevin, that doesn't sound good. Just to check, is it happening to any track? What Mac OS and Spotify version are you using? /RK",Audio Playback Failure,Audio Playback Failure,False,False,@USER Hey there! Can you let us know which device and operating system you're using? We'll see what we can suggest /NQ
946,@SpotifyCares i'm in Portugal right now,"@USER Thanks! Fingers crossed we'll be able to have it soon, but there's info about Spotify content here: /LO",App Bug & Performance,App Bug & Performance,False,False,@USER Thanks for the info. Can you DM us with screenshots of the email and the site the link takes you to? We'll take a look /CB
777,"@USER @SpotifyCares hi Spotify,are there any extra requirement for approval on Spotify Artist?(beside register the band on the Spotify Artist app)",@USER Hey! Our friends in Artist Support are the right folks to help with this. You can get in touch with them here: /JM,App Bug & Performance,App Bug & Performance,False,False,@USER Hey there! Can you let us know which country you're currently in? We'll take a look backstage /MA
552,@SpotifyCares not sure if it's my phone or your app but I keep skipping mid podcast to the next episode,@USER Hey there! Can you let us know your phone's operating system and the Spotify version you're running? We'll see what we can suggest /LO,Audio Playback Failure,App Bug & Performance,False,False,"@USER Hey Tia, help's here! Can you give us more info about what's happening? We'll see what we can suggest /KL"
1895,"@USER hey hey. small bug on desktop, maybe. The radio thumbnails as well as the play control bar sometimes pulse/flash weirdly.","@USER Hey Joseph, thanks for sending us those screenshots! Could you let us know what OS you're rocking, as well as your Spotify version? /TB",Audio Playback Failure,Audio Playback Failure,False,False,@USER Hey there! Can you send us the Song Link? Just tap the three dots &gt; Share &gt; Copy Link. We'll check it out /NS
1310,@SpotifyCares Cont: I am using an Android system.,@USER Hi there. Can you DM us your account's email address? We'll take a look /LM,App Bug & Performance,App Bug & Performance,False,False,"@USER Got it. Does restarting your device - including removing the battery for 30 seconds, if possible - help at all? /KB"
1409,"@SpotifyCares Hello. I've turned off autoplay, yet Spotify keeps playing music I do not want after an album/playlist ends. Driving me nuts.",@USER Hey there! Can you let us know the device/OS and Spotify version you're using? We'll see what we can suggest /AR,Audio Playback Failure,Audio Playback Failure,False,False,@USER Hey Simon. What's happening exactly? Could you also let us know the iOS device and Spotify version you're using? /AY
1140,@SpotifyCares Only on High Sierra. I’m on version:,@USER Thanks! Could you try restarting your device and see if that'll make a difference? Keep us in the loop /JM,App Bug & Performance,App Bug & Performance,False,False,@USER Hmm. Can you let us know the OS X and Spotify versions that you're using? We'll see what we can suggest /CH
449,@SpotifyCares I keep getting automated replies with no help to my question,"@USER Not to worry, rest assured you're talking to a live person. Can you let us know how we can help you out? We'll see what we can suggest /MO",App Bug & Performance,App Bug & Performance,False,False,"@USER Hey Jeff, fire away with your question! We'd love to lend a hand /AR"
1402,@SpotifyCares I am having triuble with cancelling my premium as ther is no change or cancel option on my laptop or phone,"@USER Hey Maddison, help's here! No worries, you can cancel anytime by heading to Let us know if you need a hand /TR",Billing & Subscription,Billing & Subscription,True,True,"@USER Hey, the cavalry's here! Are you getting any error messages on the app right now? A screenshot of what's happening would come in handy /KB"
664,I need to listen to hands and xback spotify wont let me why @USER @USER,@USER Hi there. We'd love to have them on Spotify! Hopefully we will in the future. Check this out: /DR,App Bug & Performance,App Bug & Performance,False,False,"@USER Hi, help's arrived! Just to check, are you able to listen to your music after the ads finish? /DV"
1726,@SpotifyCares why none of the imagine dragons' songs are playable? it happened since a couple days ago! please fix it!,"@USER Hi there! Don't worry, we'll figure this out. Can you let us know what device and version of Spotify you're using? /DR",Audio Playback Failure,App Bug & Performance,False,False,@USER We see! Does logging out &gt; restarting the device &gt; logging back in help? Keep us posted 🙂 /CG
1573,"@USER doesn't work since yesterday with my audio's chromecast. Pbm is on Android &amp; IOs. Other apps work well like youtube, tunein, gmusic","@USER Hey, help's here! Can you let us know which Android and iOS version you're running on the devices that you're using to cast? /MA",Audio Playback Failure,App Bug & Performance,False,False,@USER We're glad to hear you want to join the band! Head here to apply: /LO
1589,@SpotifyCares what should I do if my album is currently under another bands spotify page? Trying to get access on Spotify for artists.,@USER Hey! You can contact our Artist team here: They'll be the best folks to help you out /ND,Content Availability,App Bug & Performance,False,False,@USER Hey! There's some more info on this here: Let us know if this helps 🙂 /M
114,@USER your web player is broken. Help.,@USER Hey Erin! Does clearing your cache/cookies help? You might also want to try using an incognito window. Let us know how it goes /KL,Audio Playback Failure,Account & Login Access,False,True,@USER Hey there! Does clearing your cache/cookies help? You might also want to try using an incognito window. Let us know how it goes /DF
469,"@USER my music keeps stuttering, whether it's downloaded or streaming. I have premium. I already redownloaded the app on my phone.","@USER Hey there! What device, operating system, and Spotify version are you using? We'll see what we can suggest /KC",Billing & Subscription,Billing & Subscription,True,True,@USER Hey there! That's not cool. Does logging out &gt; restarting the device &gt; logging back in help? Keep us posted 🙂 /CG
1683,@SpotifyCares I'm using the latest version of Spotify on iOS 11.0.3,"@USER Thanks! To reduce the number of Suggested Tracks you get, try adding more artists into your playlists /QI",App Bug & Performance,App Bug & Performance,False,False,@USER Thanks for the info! Try restarting your device by holding Home + Lock for 10 seconds. Does that help? /JM
1648,@SpotifyCares I have not noticed anything else not working. Restart and log in/out did not work either.,@USER Got it. Does this happen when logging in to other devices as well? /SJ,Account & Login Access,Account & Login Access,True,True,@USER Hey Nick! We'll help out. Can you let us know what's happening exactly? We'll see what we can suggest /AN
646,. @SpotifyCares @USER it’s been little over a year since @USER got bamboozled. can you guys fix the album art? thanks!,@USER Thanks. We'll get this reported. Great detective work! 🔍 /LS,Content Availability,Content Availability,False,False,@USER Alright! Let's try heading to and head to Apps. You can revoke the access to many apps from there. Let us know how it goes /BH
821,"@SpotifyCares So, you are human. Now update me on the status of the Touch Preview issue. You have received one month of complaints. What are next steps.","@USER We don't have any info to share right now, but as soon as we do, we'll make sure to let everyone know /PL",App Bug & Performance,App Bug & Performance,False,False,@USER Hey! We have more info about this here: Give us a shout if you have any questions 🙂 /T
548,"Yo @SpotifyCares, you got the wrong CL listed as the art for the song No Better Feelin' it should be @USER","@USER Hey Diego, we're here to help! Can you send us the Spotify URI? Just right-click the track &gt; Share &gt; URI. We'll be right here /RV",App Bug & Performance,Content Availability,False,False,@USER Hi Code! It appears the album's release date is incorrect. Can you send over its Spotify link/URI? We'll take a closer look /ME
135,"@SpotifyCares hi there, for the last few months Spotify won’t load on my smart TV. It did previously, acc is still active but no love!",@USER Hi there! Can you let us know the make &amp; model of your smart TV? We'll see what we can suggest /NY,App Bug & Performance,Billing & Subscription,False,True,"@USER We're afraid that's not possible right now. In the meantime, check out Premium for Family here: Hope this helps /LP"
432,I hate that @USER never wants to work on my Playstation 4.,@USER Hey Courtney! What exactly is going on with your Spotify on the PS4? We'll do our best to help you out /BH,Audio Playback Failure,Feature Request & Feedback,False,False,@USER We're glad to hear you want to join the band! Head here to apply: /LO
1870,@SpotifyCares is there a particular reason behind the fact that I can only download 3333 titles per device when having Spotify premium?,"@USER Hi! We don't have any more info to share about this right now, but we'll let the right folks know you'd like to sync more tunes offline /MC",Billing & Subscription,Billing & Subscription,True,True,@USER Hey! Can you send us the Album Link? Just tap the three dots &gt; Share &gt; Copy Link. Can you let us know which songs have this issue? /NQ
1931,"@SpotifyCares Hi, my account has been hacked - email address and password changed. I need to revert this back ASAP. I received the email about the change 1 hour ago","@USER Hey there, we’re sorry to hear that. Check out for what to do next /NQ",Account & Login Access,Billing & Subscription,True,True,"@USER Hi there, that doesn't sound right! At this point, we recommend checking out for what to do next /RE"
1161,@SpotifyCares any idea when the French podcast section will be live on your platform?,"@USER Hey! We're afraid we don't have any info on this, but we'll let the right team know it's something you'd like to see /NJ",Feature Request & Feedback,App Bug & Performance,False,False,@USER Okay. When did this start to happen? Is it after a specific app update? /LO
1794,@SpotifyCares You guys basically did the same.... “if and when”,"@USER We don't have any more info on this right now, but we'll let the right team know it's something you'd like to see /QI",App Bug & Performance,Audio Playback Failure,False,False,"@USER Thanks for confirming! Just to check, did you definitely watch the video ad that grants you 30 minutes ad-free listening in full after hearing the offer? /AN"
1470,@USER you have a defect on iOS app where bottom menu disappears and oh man is it annoying!!,"@USER Hey Mark! What device, OS, and Spotify version are you using? A screenshot will come in handy too. We'll see what we can suggest /MC",App Bug & Performance,App Bug & Performance,False,False,"@USER Hey, that doesn't look right. Can you let us know the iOS and Spotify version you're using? We'll see what we can suggest /JE"
644,@SpotifyCares I think it works on faster speeds? Idk the search bar has been kind of wonky lately,"@USER We understand. Can you try using a different internet connection, and see if it makes a difference? /GU",App Bug & Performance,App Bug & Performance,False,False,"@USER 2: haven't had a subscription before. Sign up here: Any questions, give us a shout /NG"
435,@USER @USER Your crappy app just downloaded heaps of songs on cellular data despite it being disabled in the app and used all my data. Wtf. Very angry.,"@USER Hey, that doesn't sound right. Can you let us know the device, operating system, and Spotify version you're using? We'll see what we can suggest /RH",Playlist & Library Sync,App Bug & Performance,False,False,"@USER Hey, sorry to hear that! Check out the steps under “Downloaded songs won't play” at They should help with this /MG"
1342,"@USER I can't get spotify to play any songs. I was playing one, tried to skip it but then it just wouldn't play any songs at all.","@USER Hey Melanie, help's here. Can you let us know the device, OS, and Spotify version you're using? We'll see what we can suggest /KL",Audio Playback Failure,Audio Playback Failure,False,False,"@USER 2: To reduce the number of Suggested Tracks you're getting, try adding more artists to your playlists. Hope that helps /CP"
1022,". @USER it's 2017, add an easily accessible sleep timer to your damn app already. Sincerely, every user. #SleepSpotifySleep #UpAllNight",@USER Hey! A sleep timer is a great idea. Help make it happen by adding support here: /NQ,App Bug & Performance,App Bug & Performance,False,False,"@USER Hey there! We don't have any info on this right now, but we'll let the right team know it's something you'd like to see /NQ"
810,@SpotifyCares 💚you care. Thank you!,"@USER We sure do! In fact, we'd say... 💚 /TB",App Bug & Performance,App Bug & Performance,False,False,"@USER Hey Sam! We had a little hiccup backstage, but it should be working now. We're here if you need us 🙂 /GN"
1811,I still hate the fact that irresistible is not on spotify that song deserves better,@USER Hi there! Thanks for sharing your thoughts. Could you let us know the artist for this track? We'll take a look backstage /LP,Content Availability,App Bug & Performance,False,False,"@USER Hey Anita, help's here! Just to check, are you missing all of your saved songs and playlists? /CX"
1872,@SpotifyCares Version 8.4 Samsung Galaxy S8,"@USER Thanks for that info. Does logging out, restarting your device, and logging back into Spotify help? Keep us posted /JI",App Bug & Performance,App Bug & Performance,False,False,"@USER Hey Gary, help's here! Do you get any error messages? If so, a screenshot will be handy. We'll see what we can suggest /CO"
1316,"@SpotifyCares (2/2) and I now have access to a new streaming chan called ""Web Player (Firefox)"", yet I don't have Firefox on my mac. Help me","@USER Hey Romain! Don't worry, we're here to help. Can you let us know OS X version you have installed? We'll see what we can suggest /MT",Audio Playback Failure,Content Availability,False,False,"@USER Hi! We currently don't have any info to share about this, but we'll pass your feedback on to the right team. Anything else, let us know /NY"
939,@USER are you having tech issues rn? I cannot connect,"@USER Hey Jay! Could you let us know your device's make/model, operating system, and Spotify version? We'll see what we can suggest /GU",App Bug & Performance,App Bug & Performance,False,False,"@USER Hey Varun, help's here! Could you let us know more about what's going on? We'll gladly lend a hand /JQ"
292,@USER is your app available to download on an Apple Watch?,"@USER Hi Gracie! Although the app is not currently available for the Apple Watch, be sure to check out the official idea and add your vote to let our devs know it's something you'd like to see: 🙂 /JI",Playlist & Library Sync,Content Availability,False,False,@USER 2: add your vote to let our devs know it's something you'd like to see: /RC
542,"@SpotifyCares Ok sorry. The question was if you plan to release ""A triumph for Man"" with Mew. Best regards, Per",@USER Got it. What country is your account set to? We'll check things out /AY,Billing & Subscription,App Bug & Performance,True,False,@USER 2: music you have needs to be downloaded again. Let us know how it goes /RA
505,"@SpotifyCares True but from the point of view of user interface, should automatically or at least add the button for refresh",@USER Thanks! It's great to hear your thoughts about having a refresh button. We'll be sure to forward your feedback to the right team /TQ,App Bug & Performance,App Bug & Performance,False,False,@USER Hi Adrian! Could you try getting Premium at on another browser or incognito window? Let us know if that helps /NJ
1525,After less than a day of testing @USER I've run into so many limitations. Lack of a combined (local+streamed) library is a deal-breaker.,@USER Hey Indrek! You can sync your local music files to your Spotify account. More info here: Hope this helps /CX,Audio Playback Failure,App Bug & Performance,False,False,"@USER Hi Mark, sorry to hear that! Check out the steps under “Downloads unexpectedly removed” at /GT"
1103,"Anyone else having issues connecting to @USER Phone says I'm offline, web just gives me spinning circle of death :(","@USER Hi Kathryn! Can you let us know your phone's operating system and Spotify version? Also, what browser are you using? /NY",Playlist & Library Sync,App Bug & Performance,False,False,"@USER Hey Varun, help's here! Could you let us know more about what's going on? We'll gladly lend a hand /JQ"
538,Thor OST please @USER,"@USER Hi there! Fingers crossed we'll be able to have it soon, but there's info about Spotify content here: /WW",App Bug & Performance,App Bug & Performance,False,False,@USER Sweet. Are you getting any specific error messages? A screenshot would come in handy /NS
1529,"@USER Hi! I recieved a gift card, but somehow I can't redeem it. #help","@USER Hey Nadi! Can you DM us your account's username or email address, and the code you're trying to redeem? We'll see what we can suggest /AP",Billing & Subscription,App Bug & Performance,True,False,"@USER Hi! We're afraid that's not possible, but you can get that lucky person an e-card from the site. Just go to /GS"
1197,"@USER why did you change the order of the songs in the playlist ""This is: Deadmau5""? It was good as it was.",@USER Hey! Thanks for the feedback. We'll make sure to pass on your feedback to our Curation team. Let us know if there's anything else /RC,Audio Playback Failure,Audio Playback Failure,False,False,@USER Hey! Can you let us know the make/model of your mobile device or the operating system you're using? We'll see what we can suggest /NQ
877,"Hey @USER, you might wanna improve some parts of your Android app's sign-in UI",@USER Hey there! Thanks for sharing your thoughts. Could you DM us your account's username or email address? We'd love to lend a hand /LP,Feature Request & Feedback,App Bug & Performance,False,False,"@USER Hi there, we're here to lend a hand. What country is your account set to? We'll take a look backstage /AK"
1838,"Arrgh, #spotify web player threw me out and now the login on any as a whole seem broken. @USER @USER","@USER Hey Tom! That doesn't sound good. Can you try restarting your device, then log out and back in? Let us know how it goes /AU",Account & Login Access,Audio Playback Failure,True,False,@USER Hey Erin! Does clearing your cache/cookies help? You might also want to try using an incognito window. Let us know how it goes /KL
1195,"@SpotifyCares Hmmmm, seems I cannot pick a Bewerbung password. Incorrect token. 🤔",@USER We're afraid this is something for our Accounts team. We'd suggest following the steps on the link we sent above. Hope that helps /AC,Account & Login Access,App Bug & Performance,True,False,"@USER We’re sorry to hear that. Check out for what to do next. If you need anything else, let us know /JK"
817,"@SpotifyCares no messaged or anything it just won't play any songs,I've tried restarting computer logging out both off my phone and laptop.",@USER Can you try clearing your browser's cache and cookies? Let us know if that makes a difference /RH,Audio Playback Failure,Audio Playback Failure,False,False,"@USER Hey Celia, that doesn't sound good. Can you let us know what device, operating system, and Spotify version you're using? /RK"
741,@SpotifyCares I’ve tried that and I get nowhere. They don’t address my issues and ignore what I say. You aren’t doing anything to help either.,"@USER 2: Give us the head's up when you have, and we'll be sure to get this chased up /K",App Bug & Performance,App Bug & Performance,False,False,"@USER Got it. Just to check, do you have an SD card attached to your Samsung S8+? If so, could you try removing the SD card &gt; reinstalling the app &gt; reinserting the SD card to your phone &gt; resyncing your offline songs? Keep us posted /MT"
283,"i hate that i always find myself googling @USER / @SpotifyCares problems and for various things, there are multiple posts over the years but no features are added. currently, blocking - just an inconvenience for me, but some seem to have a real need for it? Just seems weird","@USER Hey, sorry to hear that! We'd love to help out. Can you let us know what's happening exactly? We'll see what we can suggest /MU",Feature Request & Feedback,Audio Playback Failure,False,False,@USER Hey! That's definitely real. Just select Find Tickets to get started /JL
1043,So @USER @SpotifyCares really hasn't fix this glitch 😒 Fifth Harmony losing Streams D*mmit,"@USER Hi! To make sure we're on the same page, can you tell us what's happening exactly? Does this happen with any devices you play this on? /CO",Audio Playback Failure,App Bug & Performance,False,False,"@USER Hey! If you're looking at the Top 10 Popular songs of an artist, numbers should be visible on the right side of the track title. On the other hand, if you're looking at the songs per Album, you just have to hover to the parallel lines beside each track length. Hope this helps /KM"
1010,"@SpotifyCares hi there, I can’t seem to change my card details to continue premium account","@USER Hey, help's here! Can you DM us your account's username or email address? We'll take a look under the hood /RS",Billing & Subscription,Billing & Subscription,True,True,"@USER Sure. Just to check, is this happening on a specific track or album? Does restarting your device help at all? /AK"
186,Long term @USER premium user here. Is there any timeline to integrate lyrics in the app? I'd put up with an ad for this feature.,"@USER Hey there! Can you tell us what device, operating system, and version of Spotify you're using? We'll see what we can suggest /SY",Billing & Subscription,Billing & Subscription,True,True,"@USER Hey! Can you check if you're listening to a Genius-powered track, and try following these steps Let us know how it goes /KM"
1547,Far out I actually can’t believe how glitchy my Spotify is being lately... plz get it together @USER,"@USER Hey Sam! That doesn't sound good. Can you let us know what's happening exactly? Also, which device/OS and Spotify version are you using? /YM",App Bug & Performance,App Bug & Performance,False,False,"@USER Thanks for confirming! Just to check, did you definitely watch the video ad that grants you 30 minutes ad-free listening in full after hearing the offer? /AN"
96,@USER @USER @USER @USER @SpotifyCares - Please work together and get Spotify's playlists working on Roku. K thx bye.,"@USER Hey there. We don't have any info on this right now, but we'll let the right team know it's something you'd like to see /QI",Audio Playback Failure,Account & Login Access,False,True,"@USER Hey! That's odd. What device, OS, and Spotify version are you using? Also, how long has this been happening for? /CB"
1763,Okay @USER. How the hell does my music KEEP getting paused even after changing my Facebook password AND using the log out everywhere?,"@USER Hey, help's here. Can you let us know the device, OS, and Spotify version you're using? We'll see what we can suggest /KL",Account & Login Access,Account & Login Access,True,True,@USER Hey Richard! We’re sorry to hear that. Check out for what to do next /CH
224,"@SpotifyCares Nine of that applies to me, at least not that i know of. My sd card works with everything else.","@USER Thanks for the info. Can you let us know the device, OS, and Spotify version you're using? We'll see what we can suggest /NY",App Bug & Performance,App Bug & Performance,False,False,@USER Alright. Can you let us know what device and Android version you're running? Could you also try using a different SD card? /LM
313,Hi! I am currently using a Galaxy S6 edge+ and vERSION 8.4.26.770 ARMv7. I updated the app not too long ago. I have the same issue on my desktop app and on the website.,@USER Thanks. Can you send us a screenshot of the tracks that are grayed out? We'll check them out /NY,App Bug & Performance,App Bug & Performance,False,False,@USER Best thing to try here is a reinstall. Just follow the steps at Let us know how it goes /CP
1285,"Hey @SpotifyCares, an important question...if I upgrade to the family plan today, will I be billed today or at the usual time of the month? Thanks!",@USER Hi! Your billing date will be moved a few days earlier. This is to make up for the difference in price. Hope this info helps 🙂 /DR,Billing & Subscription,App Bug & Performance,True,False,"@USER Hi Abby! Don't worry, we've got your back. Does clearing cache/cookies help at all? Can you try setting up the Family plan at on another browser or incognito window? Let us know how it plays out /NJ"
327,@SpotifyCares My Windows version is 10586 (the Spotify version I don't know),@USER Got it. Can you check your current Spotify version by clicking Help &gt; About Spotify? We'll be right here waiting /KB,App Bug & Performance,App Bug & Performance,False,False,@USER Are you getting a specific error message when you tap on any of your saved tracks? A screenshot of what's happening would be handy /KB
1622,@SpotifyCares Help,"@USER Hey Arron, help's here! How long has this been happening? Can you try restarting the app, then logging back in? Let us know how it goes /SJ",App Bug & Performance,App Bug & Performance,False,False,"@USER Hi there. Don't worry, help's here. Can you send us your username or email address so we can take a look? /JU"
1393,"@SpotifyCares What keywords besides ""playlist"", ""playlists"", + ""song"" would I use?","@USER We suggest using keywords similar to those used in the suggested idea. If you need anything else, give us a shout /RB",Audio Playback Failure,Audio Playback Failure,False,False,@USER Thanks. Can you reinstall the app on your PlayStation before trying one more time? Let us know how it goes /JU
1221,"@SpotifyCares um, poor algorithmic music selection?","@USER Sorry for the confusion. Is this happening on your Discover Weekly, Daily Mixes, or other suggested content? /JP",App Bug & Performance,App Bug & Performance,False,False,@USER Hey there! Can you let us know what's happening exactly? We'd love to lend a hand /NS
130,@SpotifyCares Sure it’s an iPhone 6s on iOS 11.1.1 and version 8.4.26.793 I’m on a Premium Account as well,"@USER Thanks for the info. Can you try logging out, restarting your device by holding Home + Lock for 10 seconds, then logging back in? /PB",Billing & Subscription,Billing & Subscription,True,True,"@USER Got it. Do you come across any error messages when your playback stops? If so, can you send us a screenshot? /JU"
788,@SpotifyCares is there a way to see recently deleted Shazams? Had a few duplicates and deleted one and now the original is gone,@USER Hey! This looks like something the folks at Shazam might be able to help out with. We'd suggest reaching out to them for more info /RH,Playlist & Library Sync,App Bug & Performance,False,False,"@USER Hey Peter! Help's here. Can you let us know your device, operating system, and Spotify version? We'll see what we can suggest /MG"
781,"hello @SpotifyCares Will you support Opera web browser for the web spotify too? I am sad to see that is only available on firefox, edge and google chrome 😭","@USER Hi! We currently don't have any info to share about this, but we'll pass your feedback on to the right team. Anything else, let us know /NY",Content Availability,App Bug & Performance,False,False,"@USER Just to check, are you receiving any error messages when trying to log in using our web player? If so, can you send us a screenshot? /DR"
1220,Yoooo @USER got this lifting sanctions off Sudan wrong! I can't use the app without vpn for the 1st time in 2 years wtf,"@USER 1: Hey! We're afraid Spotify isn't available in Sudan yet. Don't worry, we're launching in new countries as often as possible. Be sure to...",App Bug & Performance,App Bug & Performance,False,False,@USER Hey Serge! The Stranger Things Mode is in partnership with Netflix to promote the latest season of Stranger Things. It's a cool feature available for users who stream from the official playlists of the series. You can try it out to see for yourself 🙂 /JE
958,@SpotifyCares indonesia!,"@USER Hmm, is this what you're looking for: /MA",App Bug & Performance,App Bug & Performance,False,False,"@USER 2: By the way, you can also sign up for the student discount using a debit card. Let us know if you have any questions /KB"
1083,"@SpotifyCares It never showed up, only on different accounts....compared all...all settings the same...still not working",@USER No worries. Can you DM us your account's email address? We'll take a look backstage /DV,Account & Login Access,App Bug & Performance,True,False,"@USER Hey Pam! Although the track is sung by Fifth Harmony, it's part of the OST for the film ""The Star"". Hope this clears things up /MG"
514,"@USER @SpotifyCares for some reason my activity on Spotify no longer shows on facebook, how do i fix that? the last time it showed a song was the 25th of September","@USER Hey Bradley! We're afraid we no longer share your listening activity to Facebook. Rest assured, your feedback will be passed on to the right folks /LP",App Bug & Performance,App Bug & Performance,False,False,"@USER Hey Gillian, help's here. What's happening exactly? If you could also let us know the device, operating system, and Spotify version you're using, that'd be great /AY"
1988,@SpotifyCares When I click a song nothing happens and the “shuffle” button shakes... I’ve recorded my screen to you...,@USER That's odd. Can you DM us your account's username and email address? We'll take a look backstage /KL,Audio Playback Failure,Audio Playback Failure,False,False,@USER Got it. Does logging out &gt; restarting your device &gt; logging back in again make any difference? /KM
1133,"@SpotifyCares Laptop Dell, windows 10, Google chrome, wifi 4g network, and another device moto g 5plus",@USER Thanks! Does using a different browser help? Keep us in the loop /KL,App Bug & Performance,App Bug & Performance,False,False,"@USER Got it. Does restarting your connection help at all? Also, are you getting the same result when you try using a different device? /NY"
1762,"@SpotifyCares Hey, I need help because I'm having some issues.","@USER Hey Gabriel! Don’t worry, we can help. What’s happening exactly? Can you let us know the device/OS you’re using? We'll see what we can suggest /JI",App Bug & Performance,App Bug & Performance,False,False,"@USER Hey Varun, help's here! Could you let us know more about what's going on? We'll gladly lend a hand /JQ"
1930,@SpotifyCares iPhone 7+. iOS 11.1.2. Spotify 8.4.28.1104. Thank you.,"@USER Thanks for the info. Does logging out then back in help? If it doesn't, could you try restarting the device by holding Home + Lock for 10 seconds? Let us know how it goes /JS",App Bug & Performance,App Bug & Performance,False,False,@USER Thanks. Try restarting your device by holding Sleep/Wake + Lock buttons for 10 seconds. Does that help? /AP
23,@USER make the app available is south Africa plzzzzzz,@USER Hey there! We're launching in new countries as often as possible. Be sure to add your email at /JX,Content Availability,App Bug & Performance,False,False,@USER Hi there! We're launching in new countries as often as possible. Be sure to add your email at Fingers crossed we'll be with you soon /NJ
1476,@USER Where’s the JPN Ver. Of BOOMBAYAH 🤔,"@USER Hey Leo! We’d love to have all of their stuff available, but we have some info about content here: /SY",App Bug & Performance,App Bug & Performance,False,False,"@USER Got it. Can you let us know the devices, iOS, Windows, and Spotify versions you're using? We'll see what we can suggest /JE"
234,@USER your web player keeps freezing and won't play anything. Sooooo annoying. 😒,@USER Hey Liz! Can you let us know what internet browser you're using? We'll be right here waiting /KL,Audio Playback Failure,Audio Playback Failure,False,False,"@USER Hi Joel! Can you tell us which album that is? On the web player, click on the three dots &gt; Copy Album Link /NH"
1396,@SpotifyCares It also crashes when I lock my phone too! I have an LG x Power 2,@USER Sweet. Are you getting any specific error messages? A screenshot would come in handy /NS,App Bug & Performance,App Bug & Performance,False,False,@USER Hey there! Can you let us know the Android and Spotify versions you're using? We'll see what we can suggest /RH
1812,Perfect velvet isn't available in spotify ph yet????,@USER Hi there! Is this what you're looking for: /DD,Content Availability,Content Availability,False,False,@USER Hi there! Can you let us know which country you're in? We'll take a look /GT
1099,"@USER @SpotifyCares spotify, hello, good day, can u help me out? tried texting to 20600 too but nothing.","@USER Hey there! Don't worry, help's here. Can you DM us your account's email address or username? We'll take a look backstage /MT",App Bug & Performance,App Bug & Performance,False,False,@USER You're welcome! Let us know if you need anything else. We're always... 🙂 /BD
1537,"@USER @USER @USER @SpotifyCares Sorry for the incovenience but why the band ""Comme Restus"" is no longer avaliable in the spotify plataform?","@USER Hey there! Sometimes, content is temporarily removed because of licensing changes. Hopefully, we'll have it available again soon. There's more info here: 🙂 /JI",App Bug & Performance,App Bug & Performance,False,False,"@USER Hey! That's odd. What device, OS, and Spotify version are you using? Also, how long has this been happening for? /CB"
1574,Is there a reason why I have to keep opening the app to control Spotify? As oppose to doing it from the ios home screen @SpotifyCares,@USER Hey there! Which iOS and Spotify version are you running? We'll see what we can suggest /MA,App Bug & Performance,App Bug & Performance,False,False,@USER Hey Gabriel! Can you try logging out &gt; restarting your device &gt; logging back in to see if it helps? Keep us posted /AR
1312,@USER when are you updating the iOS app for iPhone X?,"@USER Hey! We don't have any info to share about this right now, but we’re working on it as we speak. Stay tuned /NQ",App Bug & Performance,App Bug & Performance,False,False,"@USER Hey! Which device, operating system, and version of Spotify are you using? We'd love to help /M"
601,"Hi @SpotifyCares what do you think of ""Anywhere"" by @USER? I'd love to hear it from ""Today's Top Hits"". I'm looking forward! X","@USER Thanks for the feedback! Our Curation team's independent &amp; use data and trends to create playlists, but we'll pass on your thoughts /DR",App Bug & Performance,App Bug & Performance,False,False,"@USER Hey there! Is there something you need our help with? If so, let us know and we'll take a look 🙂 /VK"
890,"@SpotifyCares hey my play.spotify isnt working. the play button refuses to work and its my account that doesnt work, tried on more pc's","@USER Hi! Can you let us know the device make and model, operating system, and Spotify version you're using? We'll see what we can suggest /GK",Account & Login Access,Audio Playback Failure,True,False,@USER We're glad to hear you want to join the band! Head here to apply: /LO
323,@USER Do existing subscribers get this deal? It’d be nice!,"@USER Hey Michael, helps here! This offer is for new subscribers, and subscribers who haven't taken part in any other offers. For more info on our current offers, head here: If you ever need anything else, just shout and we'll come running 🏃 /ZO",App Bug & Performance,App Bug & Performance,False,False,@USER Hi Serein! The full-screen version of the cover art is available on the desktop app. Just click the arrow icon beside the volume bar /MU
929,My music is constantly stopping and it’s pissing me off what is it my phone or the app @USER @USER,"@USER Hi Deyra. Don't worry, we'll look into this. Can you tell us what phone, operating system, and app version you're using? We'll see what we can suggest /JU",App Bug & Performance,App Bug & Performance,False,False,@USER Hey there! We understand - we’re working on it as we speak. Stay tuned /CG
6,@SpotifyCares No it’s hasn’t. I’ve tried it multiple times,"@USER Hmm. Is this happening over WiFi, mobile data, or offline mode? We'll take a closer look /JE",App Bug & Performance,App Bug & Performance,False,False,"@USER Thanks for letting us know. Does it happen over 3G/4G, WiFi, or both? /SY"
1953,@SpotifyCares I’m using IOS 11.1.1 and spotify version was the photo attached. The reputation album of taylor swift only contains ..ready for it and look what you made me do.,"@USER 2: For now, check out the singles: Hope this clears things up /AY",App Bug & Performance,App Bug & Performance,False,False,"@USER Hey! We’ll have it available to you as soon as it’s available to us! For now, check out the singles: /BD"
1478,"@SpotifyCares Hey, the sound from the ads keeps playing over my music. Any way I can stop this?",@USER Hey there! Can you let us know which device and operating system you're using? We'll see what we can suggest /NQ,Audio Playback Failure,Audio Playback Failure,False,False,"@USER On your mobile device, you should be able to turn off this feature by going to Settings &gt; Stranger Things Mode. Hope this helps /AR"
1793,@SpotifyCares can u give me a premium acc on spotify,"@USER We're afraid that's not possible right now. In the meantime, check out Premium for Family here: Hope this helps /LP",Billing & Subscription,Billing & Subscription,True,True,"@USER Hey there. Right now, this offer's for new subscribers who haven't used Spotify Premium before. Stay tuned for more deals for existing Premium subscribers, though /LJ"
